{"cameraMode":{"drawMode":0,"name":"Shaded","section":"Shading Mode"},"sceneLighting":true,"audioPlay":false,"sceneViewState":{"showFog":true,"showMaterialUpdate":false,"showSkybox":true,"showFlares":true,"showImageEffects":true,"showParticleSystems":true,"showVisualEffectGraphs":true,"m_FxEnabled":true},"in2DMode":false,"pivot":{"x":735.1161499023438,"y":120.84365844726563,"z":1440.684326171875},"rotation":{"x":0.09616107493638993,"y":0.0014883208787068725,"z":-0.0001433545257896185,"w":0.9953692555427551},"size":1068.0849609375,"orthographic":false}